Designator,Mid X,Mid Y,Rotation,Layer
C1,22.5,15.5,90.0,top
C2,23.0,27.5,0.0,top
C3,27.5,14.5,270.0,top
C4,21.3,32.5,180.0,top
D1,20.0,15.0,90.0,top
D2,5.0,43.0,270.0,top
D3,9.0,43.0,270.0,top
D4,16.5,13.5,180.0,top
J1,17.7,41.2,0.0,top
J2,20.0,6.0,180.0,top
L2,11.0,22.5,270.0,top
R1,25.0,20.0,90.0,top
R2,27.5,23.0,90.0,top
R3,8.8,36.6,270.0,top
R4,10.3,36.6,270.0,top
U1,22.38475,22.700001,270.0,top
